                  epoch,         train/box_loss,         train/cls_loss,         train/dfl_loss,   metrics/precision(B),      metrics/recall(B),       metrics/mAP50(B),    metrics/mAP50-95(B),           val/box_loss,           val/cls_loss,           val/dfl_loss,                 lr/pg0,                 lr/pg1,                 lr/pg2
                      1,                 4.0313,                 6.4236,                  2.418,                0.65893,                0.03945,                0.01597,                0.00486,                 3.0238,                   4.22,                 1.6562,              0.0033315,              0.0033315,              0.0033315
                      2,                 3.0263,                 3.0083,                 1.5722,                0.70207,                0.05673,                0.05107,                0.01765,                 2.6873,                  3.086,                 1.4871,              0.0066429,              0.0066429,              0.0066429
                      3,                 2.8158,                 2.6068,                 1.4404,                0.32651,                0.09562,                0.08547,                0.03515,                 2.5596,                  2.792,                 1.4115,              0.0099322,              0.0099322,              0.0099322
                      4,                  2.661,                 2.2854,                 1.3765,                0.19292,                0.13235,                0.11692,                0.04691,                 2.4191,                 2.2174,                   1.34,               0.009901,               0.009901,               0.009901
                      5,                 2.5562,                  2.098,                 1.3337,                0.32479,                 0.1374,                0.12736,                0.05059,                 2.3599,                 2.1171,                 1.3174,               0.009901,               0.009901,               0.009901
                      6,                 2.4899,                 1.9663,                 1.3039,                0.36276,                0.16448,                0.15799,                0.06711,                 2.3081,                  1.985,                 1.2877,               0.009868,               0.009868,               0.009868
                      7,                 2.4584,                 1.9269,                 1.2899,                0.35651,                0.16456,                0.16708,                0.07075,                 2.2869,                 1.8756,                 1.2785,               0.009835,               0.009835,               0.009835
                      8,                 2.4251,                 1.8529,                 1.2772,                0.33956,                0.17287,                 0.1644,                0.06873,                 2.2356,                 1.8323,                 1.2634,               0.009802,               0.009802,               0.009802
                      9,                 2.4004,                 1.8086,                 1.2722,                0.36391,                0.18342,                  0.181,                0.07655,                 2.2239,                 1.8214,                 1.2552,               0.009769,               0.009769,               0.009769
                     10,                 2.3737,                 1.7927,                  1.263,                0.38028,                0.19519,                0.19407,                0.08224,                 2.2302,                 1.7865,                  1.254,               0.009736,               0.009736,               0.009736
                     11,                 2.3618,                 1.7412,                 1.2488,                0.38238,                0.19686,                0.19747,                0.08564,                 2.2217,                 1.7295,                  1.244,               0.009703,               0.009703,               0.009703
                     12,                 2.3381,                 1.7096,                 1.2488,                0.38959,                0.20443,                0.20374,                0.08501,                 2.1843,                 1.6864,                 1.2368,                0.00967,                0.00967,                0.00967
                     13,                 2.3176,                 1.6975,                 1.2413,                0.41418,                0.20012,                0.21121,                0.09021,                 2.1802,                 1.6242,                 1.2406,               0.009637,               0.009637,               0.009637
                     14,                 2.3023,                 1.6632,                  1.235,                0.41032,                0.19882,                0.21195,                0.09335,                 2.1729,                 1.6808,                 1.2339,               0.009604,               0.009604,               0.009604
                     15,                 2.2919,                 1.6384,                 1.2321,                0.54059,                0.20399,                0.21785,                0.09407,                 2.1676,                 1.6342,                 1.2299,               0.009571,               0.009571,               0.009571
                     16,                 2.2945,                 1.6389,                 1.2313,                0.54563,                0.21247,                0.22369,                0.09866,                 2.1547,                 1.6158,                 1.2264,               0.009538,               0.009538,               0.009538
                     17,                 2.2758,                 1.6125,                 1.2299,                 0.5311,                0.21997,                0.22409,                0.09657,                 2.1461,                 1.5837,                 1.2219,               0.009505,               0.009505,               0.009505
                     18,                 2.2787,                 1.6111,                 1.2267,                0.53795,                0.22463,                0.23375,                 0.1019,                 2.1304,                 1.5613,                 1.2136,               0.009472,               0.009472,               0.009472
                     19,                 2.2806,                 1.5949,                 1.2234,                0.55223,                0.22232,                0.23488,                0.10138,                 2.1201,                 1.5533,                 1.2163,               0.009439,               0.009439,               0.009439
                     20,                 2.2648,                 1.5904,                 1.2172,                0.53806,                0.23037,                0.24151,                0.10408,                 2.1394,                 1.5272,                 1.2144,               0.009406,               0.009406,               0.009406
                     21,                 2.2536,                  1.565,                 1.2148,                0.42878,                 0.2291,                0.24598,                0.10636,                 2.1122,                  1.517,                 1.2075,               0.009373,               0.009373,               0.009373
                     22,                 2.2436,                 1.5535,                 1.2123,                0.43982,                 0.2322,                0.25012,                0.10658,                 2.1107,                 1.5077,                 1.2043,                0.00934,                0.00934,                0.00934
                     23,                 2.2397,                 1.5338,                 1.2121,                0.44031,                0.24283,                0.25594,                0.11281,                 2.1005,                 1.5041,                 1.1992,               0.009307,               0.009307,               0.009307
                     24,                 2.2363,                 1.5359,                 1.2055,                0.43026,                0.25294,                0.25709,                0.10966,                 2.1038,                 1.4651,                 1.2038,               0.009274,               0.009274,               0.009274
                     25,                 2.2269,                 1.5264,                 1.2092,                0.32318,                0.25751,                0.25879,                  0.111,                 2.0894,                 1.4718,                 1.1988,               0.009241,               0.009241,               0.009241
                     26,                 2.2298,                 1.5294,                 1.2074,                0.32737,                0.26085,                0.26607,                 0.1134,                 2.0873,                 1.4643,                 1.1959,               0.009208,               0.009208,               0.009208
                     27,                 2.2337,                 1.5232,                 1.2039,                0.45139,                 0.2666,                0.27318,                0.11783,                 2.0839,                 1.4533,                  1.195,               0.009175,               0.009175,               0.009175
                     28,                 2.2165,                 1.5017,                    1.2,                0.40993,                 0.2746,                0.27832,                0.11825,                 2.0847,                 1.4504,                 1.1927,               0.009142,               0.009142,               0.009142
                     29,                 2.2186,                  1.501,                  1.199,                0.38742,                0.28754,                0.28191,                0.12005,                 2.0745,                 1.4302,                 1.1901,               0.009109,               0.009109,               0.009109
                     30,                 2.2235,                 1.4985,                 1.1972,                 0.3972,                 0.2884,                0.28799,                0.12524,                 2.0644,                 1.4238,                 1.1872,               0.009076,               0.009076,               0.009076
                     31,                 2.2095,                 1.4853,                  1.199,                0.36559,                0.28414,                0.28435,                0.12174,                 2.0617,                 1.4154,                 1.1859,               0.009043,               0.009043,               0.009043
                     32,                 2.2001,                 1.4799,                 1.1982,                0.55457,                0.27908,                0.29069,                0.12375,                 2.0617,                 1.4187,                 1.1851,                0.00901,                0.00901,                0.00901
                     33,                  2.202,                 1.4649,                 1.1942,                0.55499,                0.27293,                0.28743,                0.12342,                  2.065,                 1.4106,                  1.186,               0.008977,               0.008977,               0.008977
                     34,                 2.1998,                 1.4601,                 1.1947,                0.41271,                0.28602,                0.29361,                0.12484,                 2.0612,                 1.4024,                 1.1868,               0.008944,               0.008944,               0.008944
                     35,                 2.1865,                 1.4631,                 1.1917,                0.41476,                0.29723,                0.30031,                0.12977,                 2.0561,                 1.3814,                 1.1833,               0.008911,               0.008911,               0.008911
                     36,                 2.1906,                 1.4422,                 1.1912,                0.40666,                0.30133,                 0.3026,                0.12796,                 2.0481,                 1.3899,                 1.1812,               0.008878,               0.008878,               0.008878
                     37,                 2.1877,                   1.44,                 1.1845,                0.53914,                0.30342,                0.30464,                0.13266,                 2.0497,                 1.3745,                 1.1822,               0.008845,               0.008845,               0.008845
                     38,                 2.1903,                 1.4506,                 1.1909,                0.55143,                0.29661,                 0.3022,                 0.1315,                 2.0499,                 1.3831,                 1.1817,               0.008812,               0.008812,               0.008812
                     39,                 2.1822,                 1.4433,                  1.189,                0.55106,                0.29834,                0.30763,                0.13109,                 2.0435,                 1.3775,                 1.1778,               0.008779,               0.008779,               0.008779
                     40,                 2.1838,                 1.4565,                 1.1891,                0.56657,                0.29837,                0.30331,                 0.1292,                 2.0421,                 1.3756,                 1.1766,               0.008746,               0.008746,               0.008746
                     41,                 2.1794,                 1.4491,                 1.1848,                0.56063,                0.30837,                0.31223,                0.13381,                 2.0358,                 1.3638,                 1.1761,               0.008713,               0.008713,               0.008713
                     42,                 2.1779,                 1.4355,                 1.1889,                0.55784,                0.30124,                0.30808,                0.13071,                 2.0371,                 1.3607,                 1.1773,                0.00868,                0.00868,                0.00868
                     43,                   2.17,                 1.4179,                 1.1849,                0.55986,                0.30495,                 0.3171,                0.13739,                 2.0389,                 1.3615,                 1.1763,               0.008647,               0.008647,               0.008647
                     44,                 2.1762,                 1.4244,                  1.179,                0.53415,                0.30831,                0.31232,                0.13478,                 2.0301,                 1.3585,                 1.1728,               0.008614,               0.008614,               0.008614
                     45,                 2.1691,                 1.4221,                 1.1873,                0.55785,                0.30989,                0.31927,                0.13867,                 2.0293,                  1.355,                 1.1737,               0.008581,               0.008581,               0.008581
                     46,                 2.1685,                 1.4131,                 1.1853,                0.66744,                0.32241,                 0.3822,                0.16473,                 2.0291,                 1.3463,                 1.1725,               0.008548,               0.008548,               0.008548
                     47,                 2.1669,                 1.4157,                 1.1797,                0.69779,                0.30216,                0.31729,                0.13683,                 2.0259,                  1.348,                  1.172,               0.008515,               0.008515,               0.008515
                     48,                 2.1626,                 1.4172,                 1.1755,                0.56165,                0.31424,                0.32199,                0.13939,                  2.025,                 1.3409,                 1.1724,               0.008482,               0.008482,               0.008482
                     49,                 2.1578,                 1.4101,                 1.1796,                0.70141,                0.31935,                0.32962,                0.14225,                 2.0211,                 1.3334,                 1.1713,               0.008449,               0.008449,               0.008449
                     50,                 2.1532,                 1.4015,                 1.1784,                0.69361,                0.31686,                0.35065,                0.14543,                 2.0194,                  1.334,                 1.1704,               0.008416,               0.008416,               0.008416
                     51,                  2.158,                 1.4096,                 1.1769,                0.69443,                0.31865,                0.33285,                0.14171,                 2.0196,                 1.3314,                 1.1701,               0.008383,               0.008383,               0.008383
                     52,                 2.1548,                  1.418,                 1.1835,                 0.6991,                0.32041,                0.33201,                0.14227,                 2.0183,                 1.3316,                 1.1689,                0.00835,                0.00835,                0.00835
                     53,                  2.152,                 1.3803,                 1.1759,                 0.6941,                0.31768,                 0.3336,                0.14435,                 2.0134,                 1.3195,                 1.1678,               0.008317,               0.008317,               0.008317
                     54,                  2.159,                 1.4051,                  1.177,                0.68509,                0.32017,                0.34871,                0.14473,                 2.0125,                 1.3239,                 1.1676,               0.008284,               0.008284,               0.008284
                     55,                 2.1451,                 1.3967,                 1.1813,                  0.689,                0.32283,                0.34925,                0.14762,                 2.0123,                 1.3193,                 1.1671,               0.008251,               0.008251,               0.008251
                     56,                 2.1513,                 1.3958,                 1.1779,                 0.6871,                0.32443,                0.33813,                0.14512,                  2.008,                  1.317,                 1.1653,               0.008218,               0.008218,               0.008218
                     57,                  2.147,                 1.3918,                 1.1778,                0.68619,                 0.3284,                0.34266,                0.14792,                 2.0056,                 1.3114,                 1.1656,               0.008185,               0.008185,               0.008185
                     58,                 2.1388,                 1.3822,                 1.1769,                0.67543,                0.33331,                0.34853,                0.14916,                 2.0069,                  1.306,                 1.1647,               0.008152,               0.008152,               0.008152
                     59,                 2.1427,                 1.3722,                 1.1739,                0.70318,                0.32966,                0.34863,                0.14885,                 2.0075,                 1.3044,                 1.1642,               0.008119,               0.008119,               0.008119
                     60,                 2.1418,                 1.3792,                 1.1751,                0.72121,                0.32559,                0.34953,                0.15024,                 2.0076,                 1.2987,                 1.1639,               0.008086,               0.008086,               0.008086
                     61,                 2.1343,                 1.3661,                 1.1717,                0.69912,                0.33348,                0.34868,                0.15043,                 2.0025,                 1.2975,                 1.1619,               0.008053,               0.008053,               0.008053
                     62,                 2.1427,                 1.3712,                  1.174,                0.70495,                  0.337,                0.35143,                0.15194,                 1.9999,                 1.2935,                 1.1621,                0.00802,                0.00802,                0.00802
                     63,                 2.1357,                 1.3691,                 1.1687,                 0.7159,                0.33347,                0.35382,                 0.1535,                 1.9984,                 1.2922,                 1.1622,               0.007987,               0.007987,               0.007987
                     64,                 2.1378,                  1.367,                 1.1679,                0.70771,                0.33965,                0.35846,                0.15405,                 1.9986,                 1.2924,                 1.1621,               0.007954,               0.007954,               0.007954
                     65,                 2.1277,                 1.3606,                 1.1733,                0.70659,                0.34426,                0.35936,                0.15468,                 1.9972,                 1.2893,                 1.1616,               0.007921,               0.007921,               0.007921
                     66,                 2.1423,                 1.3692,                  1.169,                0.70126,                0.34351,                0.35709,                0.15507,                 1.9972,                 1.2876,                 1.1615,               0.007888,               0.007888,               0.007888
                     67,                 2.1356,                 1.3712,                 1.1718,                0.69586,                0.34052,                0.36072,                0.15519,                 1.9971,                 1.2872,                  1.161,               0.007855,               0.007855,               0.007855
                     68,                 2.1282,                  1.355,                 1.1649,                0.70693,                0.34201,                0.35812,                 0.1549,                 1.9965,                 1.2851,                 1.1605,               0.007822,               0.007822,               0.007822
                     69,                 2.1275,                  1.344,                 1.1669,                0.73048,                0.33749,                0.36041,                0.15571,                 1.9948,                 1.2821,                 1.1602,               0.007789,               0.007789,               0.007789
                     70,                 2.1341,                 1.3497,                 1.1684,                0.71834,                0.33776,                0.36139,                0.15642,                 1.9935,                 1.2793,                 1.1594,               0.007756,               0.007756,               0.007756
                     71,                 2.1314,                 1.3602,                 1.1679,                0.71717,                0.34255,                0.36353,                0.15715,                 1.9936,                 1.2787,                 1.1594,               0.007723,               0.007723,               0.007723
                     72,                 2.1257,                 1.3462,                 1.1672,                0.72518,                0.34208,                 0.3651,                 0.1573,                 1.9931,                 1.2773,                 1.1595,                0.00769,                0.00769,                0.00769
                     73,                 2.1213,                 1.3376,                 1.1671,                0.72808,                0.34239,                0.36593,                0.15842,                 1.9915,                 1.2745,                 1.1588,               0.007657,               0.007657,               0.007657
                     74,                 2.1229,                 1.3467,                 1.1603,                0.72754,                0.34275,                0.36641,                0.15818,                 1.9904,                 1.2739,                 1.1586,               0.007624,               0.007624,               0.007624
                     75,                  2.121,                 1.3422,                 1.1668,                0.72324,                0.34461,                0.36667,                0.15863,                 1.9901,                 1.2725,                 1.1582,               0.007591,               0.007591,               0.007591
                     76,                 2.1229,                 1.3398,                 1.1624,                0.72731,                0.34819,                 0.3679,                0.15783,                 1.9903,                 1.2726,                 1.1583,               0.007558,               0.007558,               0.007558
                     77,                 2.1231,                 1.3422,                  1.165,                 0.7305,                 0.3472,                0.36673,                0.15798,                 1.9896,                 1.2721,                 1.1581,               0.007525,               0.007525,               0.007525
                     78,                  2.113,                  1.346,                 1.1619,                0.72886,                0.34663,                0.36712,                0.15802,                 1.9884,                 1.2722,                 1.1579,               0.007492,               0.007492,               0.007492
                     79,                 2.1115,                 1.3372,                 1.1668,                0.72236,                0.34606,                0.36875,                0.15821,                 1.9881,                 1.2711,                 1.1576,               0.007459,               0.007459,               0.007459
                     80,                 2.1121,                 1.3343,                 1.1608,                0.72674,                0.34275,                0.36963,                0.15862,                  1.988,                 1.2687,                 1.1574,               0.007426,               0.007426,               0.007426
                     81,                 2.1115,                 1.3287,                 1.1609,                0.72205,                0.34267,                0.36894,                0.15892,                 1.9868,                 1.2668,                 1.1571,               0.007393,               0.007393,               0.007393
                     82,                 2.1122,                 1.3281,                 1.1625,                0.69708,                 0.3519,                0.36903,                0.15957,                 1.9859,                 1.2649,                 1.1569,                0.00736,                0.00736,                0.00736
                     83,                 2.1072,                 1.3235,                 1.1605,                0.72101,                0.34716,                0.36838,                0.15982,                 1.9852,                 1.2633,                 1.1566,               0.007327,               0.007327,               0.007327
                     84,                 2.1152,                 1.3262,                 1.1652,                0.71829,                0.34883,                0.36967,                0.16051,                 1.9843,                 1.2624,                 1.1564,               0.007294,               0.007294,               0.007294
                     85,                 2.1132,                 1.3337,                 1.1622,                0.59227,                0.35177,                 0.3711,                0.16102,                 1.9832,                 1.2613,                 1.1561,               0.007261,               0.007261,               0.007261
                     86,                 2.1025,                 1.3183,                 1.1619,                0.59024,                0.35292,                0.37153,                0.16148,                 1.9822,                 1.2596,                 1.1558,               0.007228,               0.007228,               0.007228
                     87,                 2.1216,                 1.3255,                 1.1655,                0.59424,                0.34989,                0.37151,                0.16196,                 1.9812,                 1.2586,                 1.1553,               0.007195,               0.007195,               0.007195
                     88,                 2.1044,                 1.3204,                  1.162,                0.59435,                0.35382,                0.37297,                0.16256,                 1.9807,                 1.2579,                 1.1551,               0.007162,               0.007162,               0.007162
                     89,                 2.1076,                 1.3139,                 1.1581,                 0.5997,                0.35071,                0.37297,                0.16299,                 1.9804,                 1.2575,                  1.155,               0.007129,               0.007129,               0.007129
                     90,                  2.099,                 1.3218,                 1.1649,                0.59877,                0.35385,                0.37368,                0.16336,                   1.98,                 1.2569,                 1.1549,               0.007096,               0.007096,               0.007096
                     91,                 2.0979,                 1.3149,                 1.1625,                0.59712,                0.35206,                0.37342,                0.16324,                 1.9795,                 1.2559,                 1.1547,               0.007063,               0.007063,               0.007063
                     92,                 2.1009,                 1.3174,                 1.1623,                0.59877,                 0.3531,                0.37424,                0.16337,                  1.979,                  1.255,                 1.1544,                0.00703,                0.00703,                0.00703
                     93,                 2.0885,                 1.3071,                 1.1547,                0.60378,                0.35464,                0.37461,                0.16337,                 1.9786,                 1.2537,                 1.1542,               0.006997,               0.006997,               0.006997
                     94,                 2.0947,                 1.3092,                 1.1584,                 0.6779,                0.35529,                0.37783,                0.16351,                 1.9781,                 1.2527,                  1.154,               0.006964,               0.006964,               0.006964
                     95,                 2.1007,                 1.3087,                 1.1576,                0.68117,                0.35417,                0.37865,                0.16398,                 1.9777,                 1.2518,                 1.1538,               0.006931,               0.006931,               0.006931
                     96,                 2.0961,                  1.298,                 1.1545,                0.67053,                 0.3581,                0.37933,                0.16409,                 1.9771,                 1.2507,                 1.1536,               0.006898,               0.006898,               0.006898
                     97,                 2.0906,                 1.2962,                 1.1544,                0.66848,                0.35674,                0.37928,                0.16378,                 1.9767,                 1.2498,                 1.1535,               0.006865,               0.006865,               0.006865
                     98,                 2.0844,                 1.2927,                 1.1554,                0.66875,                0.35592,                0.37988,                0.16411,                 1.9765,                 1.2493,                 1.1534,               0.006832,               0.006832,               0.006832
                     99,                 2.0901,                 1.3029,                   1.16,                0.66517,                0.35586,                 0.3803,                 0.1641,                 1.9763,                 1.2486,                 1.1533,               0.006799,               0.006799,               0.006799
                    100,                 2.0935,                 1.2986,                 1.1575,                0.66394,                0.35511,                0.38236,                 0.1645,                 1.9762,                 1.2481,                 1.1532,               0.006766,               0.006766,               0.006766
                    101,                 2.0864,                 1.2953,                 1.1523,                0.66225,                0.35413,                0.38275,                0.16461,                 1.9759,                 1.2472,                 1.1531,               0.006733,               0.006733,               0.006733
                    102,                 2.0878,                 1.2887,                 1.1506,                0.66414,                0.35374,                0.38398,                0.16466,                 1.9754,                 1.2464,                 1.1529,                 0.0067,                 0.0067,                 0.0067
                    103,                 2.0878,                 1.2949,                 1.1569,                0.66792,                 0.3545,                 0.3839,                0.16499,                 1.9751,                 1.2456,                 1.1527,               0.006667,               0.006667,               0.006667
                    104,                 2.0919,                 1.2921,                 1.1555,                0.64499,                0.36107,                0.38394,                0.16503,                 1.9747,                  1.245,                 1.1526,               0.006634,               0.006634,               0.006634
                    105,                 2.0909,                 1.2901,                 1.1571,                0.63017,                0.36351,                0.38459,                0.16546,                 1.9744,                 1.2446,                 1.1524,               0.006601,               0.006601,               0.006601
                    106,                 2.0908,                  1.298,                 1.1537,                0.63882,                0.36263,                0.38589,                0.16563,                  1.974,                 1.2439,                 1.1523,               0.006568,               0.006568,               0.006568
                    107,                  2.083,                 1.2891,                 1.1564,                0.64547,                0.36149,                0.38644,                0.16588,                 1.9736,                 1.2434,                 1.1522,               0.006535,               0.006535,               0.006535
                    108,                 2.0895,                 1.2838,                 1.1537,                0.64852,                0.36216,                0.38589,                0.16618,                 1.9733,                  1.243,                 1.1521,               0.006502,               0.006502,               0.006502
                    109,                   2.08,                 1.2798,                 1.1543,                0.65124,                0.36264,                0.38628,                0.16647,                  1.973,                 1.2427,                  1.152,               0.006469,               0.006469,               0.006469
                    110,                 2.0877,                 1.2868,                 1.1567,                0.65634,                0.36349,                0.38632,                0.16647,                 1.9728,                 1.2424,                 1.1519,               0.006436,               0.006436,               0.006436
                    111,                 2.0794,                 1.2838,                 1.1583,                   0.66,                0.36304,                0.38849,                0.16687,                 1.9724,                 1.2417,                 1.1518,               0.006403,               0.006403,               0.006403
                    112,                 2.0815,                 1.2856,                 1.1544,                0.65774,                0.36358,                0.38892,                0.16736,                 1.9722,                 1.2411,                 1.1517,                0.00637,                0.00637,                0.00637
                    113,                 2.0848,                 1.2745,                 1.1492,                0.66041,                 0.3628,                 0.3889,                0.16747,                 1.9718,                 1.2404,                 1.1515,               0.006337,               0.006337,               0.006337
                    114,                 2.0716,                 1.2729,                 1.1548,                0.65871,                 0.3636,                0.39036,                0.16765,                 1.9716,                 1.2397,                 1.1515,               0.006304,               0.006304,               0.006304
                    115,                 2.0767,                 1.2745,                 1.1516,                0.65375,                0.36389,                0.39134,                0.16801,                 1.9713,                 1.2392,                 1.1514,               0.006271,               0.006271,               0.006271
                    116,                 2.0784,                 1.2634,                 1.1527,                 0.6474,                0.36377,                0.39153,                0.16792,                 1.9709,                 1.2386,                 1.1513,               0.006238,               0.006238,               0.006238
                    117,                 2.0771,                 1.2784,                 1.1524,                0.64604,                0.36407,                0.39144,                0.16791,                 1.9704,                 1.2381,                  1.151,               0.006205,               0.006205,               0.006205
                    118,                 2.0734,                 1.2774,                 1.1512,                0.52239,                0.36385,                0.39149,                0.16803,                 1.9701,                 1.2374,                 1.1509,               0.006172,               0.006172,               0.006172
                    119,                 2.0633,                 1.2688,                 1.1511,                0.52335,                0.36386,                0.39198,                0.16823,                 1.9697,                  1.237,                 1.1508,               0.006139,               0.006139,               0.006139
                    120,                 2.0694,                 1.2718,                 1.1451,                0.52138,                0.36498,                0.39089,                0.16819,                 1.9693,                 1.2366,                 1.1507,               0.006106,               0.006106,               0.006106
                    121,                 2.0756,                 1.2768,                 1.1526,                0.52782,                0.36356,                0.39294,                0.16868,                  1.969,                  1.236,                 1.1505,               0.006073,               0.006073,               0.006073
                    122,                 2.0749,                 1.2713,                 1.1482,                0.53635,                0.36183,                0.39291,                 0.1687,                 1.9686,                 1.2353,                 1.1504,                0.00604,                0.00604,                0.00604
                    123,                 2.0754,                 1.2643,                 1.1504,                0.51346,                0.36982,                0.39147,                0.16875,                 1.9683,                 1.2346,                 1.1503,               0.006007,               0.006007,               0.006007
                    124,                 2.0742,                 1.2669,                 1.1484,                0.51392,                0.37093,                0.39232,                0.16894,                 1.9679,                 1.2339,                 1.1502,               0.005974,               0.005974,               0.005974
                    125,                  2.069,                 1.2587,                  1.148,                0.51273,                0.37085,                0.39289,                0.16953,                 1.9676,                 1.2333,                 1.1501,               0.005941,               0.005941,               0.005941
                    126,                 2.0667,                 1.2634,                 1.1427,                0.51029,                0.37169,                0.39175,                0.16927,                 1.9673,                 1.2328,                   1.15,               0.005908,               0.005908,               0.005908
                    127,                 2.0654,                 1.2546,                 1.1501,                0.50315,                0.37397,                0.39262,                0.16935,                  1.967,                 1.2325,                 1.1499,               0.005875,               0.005875,               0.005875
                    128,                  2.061,                 1.2624,                 1.1503,                0.50522,                0.37404,                0.39323,                0.16958,                 1.9666,                 1.2319,                 1.1497,               0.005842,               0.005842,               0.005842
                    129,                 2.0664,                 1.2596,                 1.1453,                0.50587,                0.37362,                0.39363,                0.16991,                 1.9661,                 1.2313,                 1.1496,               0.005809,               0.005809,               0.005809
                    130,                 2.0645,                 1.2556,                 1.1469,                 0.5165,                0.36775,                 0.3935,                0.17014,                 1.9658,                 1.2307,                 1.1494,               0.005776,               0.005776,               0.005776
                    131,                 2.0663,                  1.254,                 1.1478,                0.51666,                0.36775,                0.39364,                0.17031,                 1.9654,                   1.23,                 1.1492,               0.005743,               0.005743,               0.005743
                    132,                 2.0667,                 1.2554,                 1.1434,                0.51798,                0.36784,                0.39406,                0.17037,                 1.9649,                 1.2293,                 1.1491,                0.00571,                0.00571,                0.00571
                    133,                 2.0586,                 1.2572,                 1.1473,                0.52017,                0.36852,                0.39339,                0.17027,                 1.9647,                 1.2287,                 1.1489,               0.005677,               0.005677,               0.005677
                    134,                 2.0607,                  1.233,                 1.1444,                0.51923,                0.36801,                0.39333,                0.17036,                 1.9643,                 1.2281,                 1.1488,               0.005644,               0.005644,               0.005644
                    135,                 2.0577,                 1.2454,                 1.1459,                0.52234,                 0.3666,                0.39338,                0.17063,                 1.9639,                 1.2274,                 1.1486,               0.005611,               0.005611,               0.005611
                    136,                 2.0588,                 1.2358,                 1.1469,                0.51238,                0.37188,                0.39416,                0.17089,                 1.9636,                 1.2267,                 1.1485,               0.005578,               0.005578,               0.005578
                    137,                 2.0614,                  1.243,                 1.1412,                0.51546,                 0.3734,                0.39434,                0.17096,                 1.9632,                  1.226,                 1.1484,               0.005545,               0.005545,               0.005545
                    138,                 2.0584,                 1.2463,                 1.1456,                0.51534,                0.37379,                 0.3947,                0.17098,                 1.9628,                 1.2253,                 1.1482,               0.005512,               0.005512,               0.005512
                    139,                 2.0529,                 1.2386,                 1.1412,                0.51437,                0.37357,                0.39367,                0.17102,                 1.9624,                 1.2246,                 1.1481,               0.005479,               0.005479,               0.005479
                    140,                 2.0546,                 1.2397,                 1.1458,                  0.517,                0.37238,                0.39472,                0.17114,                  1.962,                 1.2239,                 1.1479,               0.005446,               0.005446,               0.005446
                    141,                 2.0583,                 1.2355,                 1.1462,                0.49882,                0.37852,                 0.3947,                 0.1716,                 1.9617,                 1.2232,                 1.1478,               0.005413,               0.005413,               0.005413
                    142,                 2.0514,                   1.24,                   1.14,                0.50108,                0.37818,                0.39505,                0.17177,                 1.9614,                 1.2225,                 1.1476,                0.00538,                0.00538,                0.00538
                    143,                 2.0542,                 1.2396,                 1.1473,                0.50104,                0.37726,                0.39426,                0.17201,                 1.9611,                 1.2219,                 1.1475,               0.005347,               0.005347,               0.005347
                    144,                 2.0577,                 1.2435,                 1.1419,                0.50239,                0.37672,                0.39426,                0.17199,                 1.9609,                 1.2212,                 1.1474,               0.005314,               0.005314,               0.005314
                    145,                 2.0507,                 1.2244,                 1.1404,                0.50649,                0.37568,                0.39586,                0.17228,                 1.9605,                 1.2205,                 1.1473,               0.005281,               0.005281,               0.005281
                    146,                 2.0558,                 1.2339,                 1.1421,                0.51379,                0.37454,                0.39708,                0.17255,                 1.9601,                 1.2198,                 1.1471,               0.005248,               0.005248,               0.005248
                    147,                 2.0474,                 1.2269,                 1.1429,                0.51465,                0.37551,                0.39874,                0.17249,                 1.9598,                  1.219,                 1.1471,               0.005215,               0.005215,               0.005215
                    148,                 2.0428,                 1.2309,                  1.141,                0.51583,                0.37504,                0.39874,                0.17251,                 1.9593,                 1.2184,                 1.1469,               0.005182,               0.005182,               0.005182
                    149,                 2.0412,                 1.2277,                 1.1385,                0.49171,                0.38558,                0.39997,                0.17272,                 1.9588,                 1.2177,                 1.1467,               0.005149,               0.005149,               0.005149
                    150,                 2.0442,                 1.2336,                 1.1423,                0.48993,                0.38663,                0.40026,                0.17284,                 1.9585,                 1.2169,                 1.1465,               0.005116,               0.005116,               0.005116
                    151,                 2.0489,                 1.2234,                   1.14,                0.49031,                0.38685,                0.40041,                0.17305,                 1.9581,                 1.2161,                 1.1463,               0.005083,               0.005083,               0.005083
                    152,                 2.0422,                 1.2158,                 1.1395,                0.49147,                0.38907,                0.40057,                0.17353,                 1.9576,                 1.2154,                 1.1462,                0.00505,                0.00505,                0.00505
                    153,                 2.0484,                 1.2275,                 1.1385,                0.49018,                0.38971,                0.40095,                0.17369,                 1.9573,                 1.2148,                  1.146,               0.005017,               0.005017,               0.005017
                    154,                 2.0455,                 1.2206,                  1.141,                0.49138,                  0.389,                0.40076,                0.17379,                  1.957,                 1.2141,                 1.1459,               0.004984,               0.004984,               0.004984
                    155,                 2.0491,                 1.2291,                 1.1428,                0.49029,                0.38869,                0.40106,                0.17369,                 1.9566,                 1.2135,                 1.1458,               0.004951,               0.004951,               0.004951
                    156,                 2.0408,                 1.2227,                 1.1388,                0.49303,                0.38834,                0.40246,                 0.1739,                 1.9563,                 1.2128,                 1.1456,               0.004918,               0.004918,               0.004918
                    157,                 2.0505,                 1.2239,                 1.1384,                0.48447,                0.39482,                 0.4033,                0.17406,                 1.9559,                 1.2121,                 1.1455,               0.004885,               0.004885,               0.004885
                    158,                 2.0375,                 1.2216,                 1.1395,                0.48731,                0.39412,                0.40234,                 0.1741,                 1.9556,                 1.2116,                 1.1453,               0.004852,               0.004852,               0.004852
                    159,                 2.0415,                 1.2205,                 1.1401,                0.49638,                0.39004,                0.40261,                0.17428,                 1.9552,                  1.211,                 1.1451,               0.004819,               0.004819,               0.004819
                    160,                 2.0379,                 1.2145,                 1.1366,                0.48849,                0.39427,                0.40237,                0.17423,                  1.955,                 1.2105,                  1.145,               0.004786,               0.004786,               0.004786
                    161,                 2.0381,                 1.2203,                 1.1405,                0.48954,                0.39639,                0.40292,                0.17436,                 1.9546,                   1.21,                 1.1449,               0.004753,               0.004753,               0.004753
                    162,                  2.041,                 1.2214,                 1.1368,                0.48943,                0.39619,                0.40292,                0.17446,                 1.9542,                 1.2093,                 1.1447,                0.00472,                0.00472,                0.00472
                    163,                 2.0375,                 1.2169,                  1.137,                0.48819,                0.39619,                0.40317,                0.17459,                 1.9537,                 1.2085,                 1.1445,               0.004687,               0.004687,               0.004687
                    164,                 2.0324,                 1.2052,                  1.135,                0.49739,                0.39478,                0.40459,                 0.1751,                 1.9533,                 1.2078,                 1.1444,               0.004654,               0.004654,               0.004654
                    165,                 2.0277,                 1.2057,                 1.1365,                0.49603,                0.39488,                0.40521,                0.17554,                 1.9529,                 1.2071,                 1.1442,               0.004621,               0.004621,               0.004621
                    166,                 2.0359,                 1.2185,                 1.1392,                0.49674,                0.39497,                0.40669,                0.17575,                 1.9525,                 1.2064,                 1.1441,               0.004588,               0.004588,               0.004588
                    167,                 2.0243,                 1.2044,                 1.1374,                0.49866,                0.39594,                0.40742,                 0.1762,                 1.9521,                 1.2056,                  1.144,               0.004555,               0.004555,               0.004555
                    168,                 2.0306,                 1.2019,                 1.1363,                0.49944,                0.39544,                0.40776,                0.17643,                 1.9516,                 1.2051,                 1.1438,               0.004522,               0.004522,               0.004522
                    169,                 2.0358,                 1.2111,                 1.1372,                0.52912,                 0.3915,                0.41011,                0.17642,                 1.9513,                 1.2045,                 1.1437,               0.004489,               0.004489,               0.004489
                    170,                 2.0289,                 1.1969,                 1.1329,                0.53072,                0.38988,                0.41021,                0.17655,                 1.9509,                 1.2038,                 1.1436,               0.004456,               0.004456,               0.004456
                    171,                 2.0338,                 1.2073,                 1.1303,                0.53047,                0.39003,                0.41041,                0.17667,                 1.9505,                 1.2031,                 1.1434,               0.004423,               0.004423,               0.004423
                    172,                 2.0335,                 1.2016,                 1.1361,                0.53614,                0.38867,                0.41117,                0.17685,                 1.9501,                 1.2025,                 1.1433,                0.00439,                0.00439,                0.00439
                    173,                 2.0343,                 1.2089,                 1.1347,                0.53659,                 0.3888,                0.41211,                0.17685,                 1.9496,                 1.2018,                 1.1431,               0.004357,               0.004357,               0.004357
                    174,                 2.0303,                 1.1945,                 1.1345,                0.52313,                 0.3921,                0.41297,                0.17729,                 1.9491,                 1.2011,                 1.1429,               0.004324,               0.004324,               0.004324
                    175,                 2.0254,                 1.1938,                 1.1319,                0.53406,                0.38813,                0.41309,                0.17744,                 1.9486,                 1.2002,                 1.1427,               0.004291,               0.004291,               0.004291
                    176,                 2.0224,                 1.1953,                 1.1337,                0.53214,                0.38833,                0.41203,                 0.1776,                  1.948,                 1.1996,                 1.1425,               0.004258,               0.004258,               0.004258
                    177,                 2.0293,                  1.202,                 1.1409,                0.54113,                0.38634,                0.41322,                0.17788,                 1.9475,                  1.199,                 1.1423,               0.004225,               0.004225,               0.004225
                    178,                 2.0212,                 1.1929,                 1.1308,                0.54345,                0.38547,                0.41361,                0.17793,                  1.947,                 1.1984,                 1.1421,               0.004192,               0.004192,               0.004192
                    179,                 2.0296,                 1.1922,                 1.1315,                0.54126,                0.38572,                0.41387,                0.17817,                 1.9466,                 1.1977,                 1.1419,               0.004159,               0.004159,               0.004159
                    180,                 2.0184,                 1.1888,                 1.1288,                0.53712,                0.38624,                0.41496,                0.17848,                 1.9462,                 1.1971,                 1.1418,               0.004126,               0.004126,               0.004126
                    181,                 2.0187,                 1.1922,                 1.1298,                0.53442,                0.38676,                0.41684,                 0.1789,                 1.9458,                 1.1964,                 1.1417,               0.004093,               0.004093,               0.004093
                    182,                 2.0262,                 1.1939,                 1.1331,                0.53488,                 0.3875,                0.41666,                0.17919,                 1.9453,                 1.1957,                 1.1415,                0.00406,                0.00406,                0.00406
                    183,                  2.016,                 1.1872,                 1.1283,                0.53445,                0.38757,                0.41699,                0.17946,                 1.9448,                 1.1951,                 1.1413,               0.004027,               0.004027,               0.004027
                    184,                 2.0222,                 1.1917,                 1.1356,                0.53304,                0.38758,                0.41694,                0.17971,                 1.9445,                 1.1945,                 1.1413,               0.003994,               0.003994,               0.003994
                    185,                 2.0143,                 1.1852,                 1.1321,                0.53209,                0.38738,                0.41761,                0.17984,                  1.944,                 1.1939,                 1.1411,               0.003961,               0.003961,               0.003961
                    186,                 2.0225,                 1.1863,                 1.1316,                  0.533,                0.38732,                0.41797,                0.18035,                 1.9436,                 1.1934,                 1.1409,               0.003928,               0.003928,               0.003928
                    187,                 2.0184,                 1.1875,                  1.128,                0.53452,                0.38788,                 0.4183,                0.18053,                 1.9432,                 1.1928,                 1.1408,               0.003895,               0.003895,               0.003895
                    188,                 2.0189,                 1.1828,                 1.1297,                0.52887,                0.38902,                0.41864,                0.18054,                 1.9428,                 1.1924,                 1.1406,               0.003862,               0.003862,               0.003862
                    189,                 2.0137,                 1.1733,                 1.1304,                 0.5324,                 0.3879,                0.41874,                0.18078,                 1.9424,                 1.1919,                 1.1405,               0.003829,               0.003829,               0.003829
                    190,                 2.0042,                 1.1783,                 1.1283,                0.53283,                0.38782,                0.41888,                0.18083,                 1.9419,                 1.1914,                 1.1403,               0.003796,               0.003796,               0.003796
                    191,                 2.0244,                 1.1839,                 1.1283,                0.53264,                0.38721,                0.41907,                0.18113,                 1.9414,                  1.191,                 1.1401,               0.003763,               0.003763,               0.003763
                    192,                 2.0161,                 1.1789,                 1.1294,                0.53306,                0.38725,                0.41909,                0.18153,                  1.941,                 1.1905,                   1.14,                0.00373,                0.00373,                0.00373
                    193,                  2.016,                 1.1792,                 1.1254,                0.53266,                0.38673,                0.42099,                0.18177,                 1.9406,                   1.19,                 1.1398,               0.003697,               0.003697,               0.003697
                    194,                 2.0091,                 1.1721,                 1.1277,                 0.5291,                0.38819,                0.42215,                0.18228,                 1.9402,                 1.1895,                 1.1397,               0.003664,               0.003664,               0.003664
                    195,                 2.0087,                 1.1727,                 1.1274,                0.52817,                0.38984,                0.42296,                0.18234,                 1.9397,                 1.1889,                 1.1396,               0.003631,               0.003631,               0.003631
                    196,                 2.0119,                 1.1755,                 1.1253,                 0.5258,                0.39061,                0.42295,                0.18233,                 1.9392,                 1.1885,                 1.1394,               0.003598,               0.003598,               0.003598
                    197,                 2.0058,                 1.1688,                 1.1276,                0.52578,                0.39092,                 0.4231,                0.18265,                 1.9388,                  1.188,                 1.1392,               0.003565,               0.003565,               0.003565
                    198,                 2.0037,                 1.1594,                 1.1241,                0.52432,                0.39107,                 0.4234,                0.18269,                 1.9383,                 1.1876,                  1.139,               0.003532,               0.003532,               0.003532
                    199,                 2.0099,                   1.17,                 1.1297,                0.52558,                0.39113,                0.42373,                0.18295,                 1.9378,                 1.1872,                 1.1388,               0.003499,               0.003499,               0.003499
                    200,                 2.0025,                 1.1654,                 1.1285,                0.52544,                0.39208,                0.42348,                0.18326,                 1.9373,                 1.1869,                 1.1386,               0.003466,               0.003466,               0.003466
                    201,                 2.0028,                 1.1717,                 1.1258,                 0.5238,                0.39137,                0.42375,                0.18334,                 1.9369,                 1.1865,                 1.1384,               0.003433,               0.003433,               0.003433
                    202,                 2.0074,                 1.1656,                 1.1287,                0.52486,                0.39069,                0.42386,                 0.1837,                 1.9364,                 1.1862,                 1.1383,                 0.0034,                 0.0034,                 0.0034
                    203,                 2.0038,                 1.1655,                  1.126,                0.52534,                0.39311,                0.42476,                0.18396,                  1.936,                 1.1857,                 1.1381,               0.003367,               0.003367,               0.003367
                    204,                 2.0043,                 1.1697,                 1.1311,                  0.524,                0.39339,                0.42502,                0.18408,                 1.9355,                 1.1852,                  1.138,               0.003334,               0.003334,               0.003334
                    205,                 2.0094,                 1.1746,                 1.1268,                0.52465,                0.39314,                0.42555,                0.18425,                  1.935,                 1.1847,                 1.1378,               0.003301,               0.003301,               0.003301
                    206,                 2.0031,                 1.1634,                 1.1254,                0.52434,                0.39308,                0.42559,                0.18451,                 1.9345,                 1.1843,                 1.1376,               0.003268,               0.003268,               0.003268
                    207,                 2.0078,                 1.1657,                 1.1249,                0.52487,                0.39314,                0.42732,                0.18502,                 1.9341,                 1.1839,                 1.1374,               0.003235,               0.003235,               0.003235
                    208,                 1.9987,                 1.1587,                 1.1211,                0.52784,                 0.3923,                0.42769,                 0.1854,                 1.9337,                 1.1836,                 1.1373,               0.003202,               0.003202,               0.003202
                    209,                 2.0014,                 1.1649,                  1.127,                0.52736,                0.39271,                  0.428,                0.18567,                 1.9333,                 1.1833,                 1.1371,               0.003169,               0.003169,               0.003169
                    210,                 1.9951,                 1.1635,                 1.1228,                0.52993,                0.39277,                0.42813,                0.18566,                  1.933,                 1.1829,                  1.137,               0.003136,               0.003136,               0.003136
                    211,                 2.0015,                 1.1551,                 1.1218,                0.53057,                0.39322,                 0.4286,                0.18583,                 1.9326,                 1.1825,                 1.1369,               0.003103,               0.003103,               0.003103
                    212,                 2.0028,                 1.1535,                 1.1266,                0.51929,                0.39515,                0.42767,                0.18607,                 1.9323,                 1.1822,                 1.1367,                0.00307,                0.00307,                0.00307
                    213,                 1.9917,                  1.152,                 1.1239,                0.51533,                0.39739,                0.42781,                0.18616,                 1.9319,                 1.1818,                 1.1366,               0.003037,               0.003037,               0.003037
                    214,                 1.9924,                 1.1536,                 1.1206,                0.51032,                0.39937,                0.42846,                0.18609,                 1.9314,                 1.1814,                 1.1364,               0.003004,               0.003004,               0.003004
                    215,                 1.9929,                 1.1573,                 1.1252,                0.50846,                0.40003,                 0.4288,                0.18636,                  1.931,                  1.181,                 1.1362,               0.002971,               0.002971,               0.002971
                    216,                 1.9909,                 1.1537,                 1.1212,                0.51057,                0.39956,                0.42947,                0.18652,                 1.9307,                 1.1807,                  1.136,               0.002938,               0.002938,               0.002938
                    217,                 1.9926,                   1.15,                   1.12,                0.51173,                0.39952,                0.42721,                 0.1864,                 1.9303,                 1.1804,                 1.1359,               0.002905,               0.002905,               0.002905
                    218,                 1.9942,                 1.1476,                 1.1243,                0.51278,                0.39865,                0.42842,                 0.1868,                 1.9299,                 1.1801,                 1.1357,               0.002872,               0.002872,               0.002872
                    219,                 1.9943,                 1.1491,                 1.1245,                 0.5144,                0.39832,                0.42936,                0.18723,                 1.9297,                 1.1798,                 1.1356,               0.002839,               0.002839,               0.002839
                    220,                 1.9916,                 1.1466,                 1.1205,                0.51239,                0.39836,                0.42968,                0.18758,                 1.9293,                 1.1796,                 1.1354,               0.002806,               0.002806,               0.002806
                    221,                 1.9803,                 1.1281,                 1.1198,                 0.5113,                0.39949,                0.43012,                0.18814,                  1.929,                 1.1792,                 1.1352,               0.002773,               0.002773,               0.002773
                    222,                 1.9885,                 1.1369,                 1.1211,                0.51475,                0.39874,                0.43056,                0.18828,                 1.9287,                 1.1789,                 1.1351,                0.00274,                0.00274,                0.00274
                    223,                 1.9768,                 1.1286,                  1.115,                0.50667,                0.40729,                0.43441,                0.18891,                 1.9284,                 1.1786,                  1.135,               0.002707,               0.002707,               0.002707
                    224,                 1.9862,                   1.14,                 1.1147,                0.50576,                0.40705,                0.43297,                0.18935,                 1.9281,                 1.1783,                 1.1348,               0.002674,               0.002674,               0.002674
                    225,                  1.996,                 1.1451,                 1.1188,                0.50767,                0.40823,                0.43321,                0.18949,                 1.9278,                 1.1781,                 1.1347,               0.002641,               0.002641,               0.002641
                    226,                 1.9765,                 1.1378,                 1.1189,                 0.5094,                0.41053,                0.43334,                0.18987,                 1.9274,                 1.1779,                 1.1345,               0.002608,               0.002608,               0.002608
                    227,                 1.9954,                 1.1429,                 1.1216,                0.51278,                   0.41,                0.43461,                0.19038,                  1.927,                 1.1776,                 1.1343,               0.002575,               0.002575,               0.002575
                    228,                 1.9832,                 1.1322,                 1.1213,                0.51466,                0.40944,                 0.4348,                0.19038,                 1.9266,                 1.1773,                 1.1342,               0.002542,               0.002542,               0.002542
                    229,                 1.9866,                 1.1414,                 1.1171,                0.50671,                0.41445,                0.43509,                0.19062,                 1.9263,                 1.1772,                  1.134,               0.002509,               0.002509,               0.002509
                    230,                 1.9849,                 1.1277,                 1.1164,                0.50433,                0.41474,                0.43554,                 0.1908,                 1.9259,                  1.177,                 1.1338,               0.002476,               0.002476,               0.002476
                    231,                 1.9833,                 1.1348,                 1.1197,                0.50574,                0.41521,                0.43506,                0.19039,                 1.9255,                 1.1768,                 1.1336,               0.002443,               0.002443,               0.002443
                    232,                 1.9729,                 1.1305,                 1.1184,                0.50652,                0.41499,                0.43502,                0.19051,                 1.9252,                 1.1765,                 1.1335,                0.00241,                0.00241,                0.00241
                    233,                 1.9811,                  1.131,                 1.1186,                0.50531,                0.41604,                0.43476,                0.19055,                 1.9248,                 1.1764,                 1.1334,               0.002377,               0.002377,               0.002377
                    234,                 1.9842,                 1.1323,                 1.1174,                0.50952,                0.41446,                0.43435,                0.19075,                 1.9243,                 1.1762,                 1.1332,               0.002344,               0.002344,               0.002344
                    235,                 1.9771,                 1.1262,                 1.1157,                0.51241,                0.41364,                0.43549,                0.19121,                  1.924,                  1.176,                 1.1331,               0.002311,               0.002311,               0.002311
                    236,                  1.971,                 1.1188,                 1.1126,                0.51282,                0.41434,                0.43566,                0.19134,                 1.9237,                 1.1757,                 1.1329,               0.002278,               0.002278,               0.002278
                    237,                 1.9772,                 1.1222,                 1.1104,                0.51309,                0.41519,                0.43484,                0.19135,                 1.9234,                 1.1753,                 1.1328,               0.002245,               0.002245,               0.002245
                    238,                 1.9697,                 1.1185,                 1.1129,                0.51546,                0.41488,                0.43352,                0.19132,                 1.9232,                  1.175,                 1.1327,               0.002212,               0.002212,               0.002212
                    239,                  1.973,                 1.1222,                 1.1197,                0.52026,                0.41253,                0.43422,                0.19168,                 1.9229,                 1.1749,                 1.1325,               0.002179,               0.002179,               0.002179
                    240,                 1.9772,                 1.1289,                 1.1201,                0.52314,                0.41262,                0.43425,                0.19173,                 1.9226,                 1.1747,                 1.1324,               0.002146,               0.002146,               0.002146
                    241,                 1.9642,                  1.114,                 1.1137,                0.52794,                0.41426,                0.43468,                0.19216,                 1.9222,                 1.1744,                 1.1323,               0.002113,               0.002113,               0.002113
                    242,                 1.9649,                 1.1171,                 1.1175,                0.52648,                0.41589,                0.43493,                0.19232,                 1.9219,                 1.1741,                 1.1321,                0.00208,                0.00208,                0.00208
                    243,                 1.9723,                 1.1112,                 1.1162,                0.53094,                0.41747,                0.43546,                0.19239,                 1.9216,                 1.1739,                  1.132,               0.002047,               0.002047,               0.002047
                    244,                 1.9663,                 1.1087,                 1.1148,                0.51835,                0.41439,                0.43537,                0.19245,                 1.9213,                 1.1735,                 1.1319,               0.002014,               0.002014,               0.002014
                    245,                 1.9717,                 1.1111,                 1.1155,                0.51821,                0.41393,                0.43598,                0.19269,                  1.921,                 1.1733,                 1.1317,               0.001981,               0.001981,               0.001981
                    246,                  1.965,                 1.1046,                 1.1102,                 0.5175,                0.41394,                0.43647,                0.19297,                 1.9207,                 1.1731,                 1.1316,               0.001948,               0.001948,               0.001948
                    247,                 1.9686,                 1.1063,                 1.1125,                0.52343,                0.41481,                0.43647,                0.19311,                 1.9205,                 1.1727,                 1.1315,               0.001915,               0.001915,               0.001915
                    248,                 1.9625,                 1.1071,                 1.1112,                0.52225,                 0.4227,                0.43636,                0.19349,                 1.9203,                 1.1723,                 1.1314,               0.001882,               0.001882,               0.001882
                    249,                 1.9553,                 1.1077,                 1.1117,                 0.5218,                0.42415,                 0.4369,                0.19374,                 1.9201,                  1.172,                 1.1313,               0.001849,               0.001849,               0.001849
                    250,                 1.9591,                 1.1072,                 1.1143,                0.51483,                0.42643,                 0.4368,                0.19385,                 1.9197,                 1.1716,                 1.1312,               0.001816,               0.001816,               0.001816
                    251,                 1.9566,                 1.1032,                 1.1132,                 0.5196,                0.42569,                0.43684,                0.19401,                 1.9194,                 1.1713,                 1.1311,               0.001783,               0.001783,               0.001783
                    252,                 1.9586,                 1.1012,                 1.1106,                0.52537,                0.42321,                0.43709,                0.19428,                 1.9192,                  1.171,                 1.1309,                0.00175,                0.00175,                0.00175
                    253,                 1.9521,                  1.101,                 1.1107,                0.52298,                0.42326,                0.43714,                0.19433,                 1.9188,                 1.1709,                 1.1308,               0.001717,               0.001717,               0.001717
                    254,                 1.9584,                 1.1009,                 1.1108,                0.53949,                0.41646,                 0.4375,                 0.1943,                 1.9186,                 1.1705,                 1.1307,               0.001684,               0.001684,               0.001684
                    255,                 1.9522,                 1.0998,                 1.1097,                 0.5288,                 0.4247,                0.43851,                0.19495,                 1.9184,                 1.1704,                 1.1306,               0.001651,               0.001651,               0.001651
                    256,                 1.9554,                 1.0934,                 1.1102,                0.53314,                 0.4291,                0.43957,                0.19507,                  1.918,                 1.1699,                 1.1305,               0.001618,               0.001618,               0.001618
                    257,                 1.9572,                 1.1011,                 1.1124,                0.53505,                0.42914,                0.44043,                0.19586,                 1.9178,                 1.1698,                 1.1303,               0.001585,               0.001585,               0.001585
                    258,                 1.9486,                 1.0953,                 1.1066,                0.53514,                0.42895,                0.44028,                0.19546,                 1.9174,                 1.1696,                 1.1302,               0.001552,               0.001552,               0.001552
                    259,                 1.9521,                 1.0961,                 1.1061,                0.53361,                 0.4294,                0.44157,                0.19589,                 1.9172,                 1.1692,                 1.1301,               0.001519,               0.001519,               0.001519
                    260,                 1.9525,                 1.0896,                 1.1111,                0.53262,                0.42883,                0.44086,                0.19594,                 1.9168,                 1.1689,                 1.1299,               0.001486,               0.001486,               0.001486
                    261,                 1.9565,                 1.0941,                 1.1131,                0.53309,                0.42863,                0.44092,                0.19599,                 1.9166,                 1.1685,                 1.1298,               0.001453,               0.001453,               0.001453
                    262,                 1.9528,                 1.0922,                 1.1097,                0.51405,                0.43139,                0.44092,                0.19628,                 1.9163,                 1.1682,                 1.1297,                0.00142,                0.00142,                0.00142
                    263,                 1.9472,                 1.0926,                 1.1099,                0.52862,                0.43455,                0.44238,                0.19653,                  1.916,                 1.1677,                 1.1296,               0.001387,               0.001387,               0.001387
                    264,                 1.9454,                  1.091,                 1.1105,                0.53026,                0.43416,                 0.4436,                0.19698,                 1.9159,                 1.1674,                 1.1295,               0.001354,               0.001354,               0.001354
                    265,                  1.953,                 1.0936,                 1.1073,                0.53307,                0.43357,                 0.4438,                0.19722,                 1.9155,                 1.1671,                 1.1293,               0.001321,               0.001321,               0.001321
                    266,                   1.95,                 1.0865,                  1.108,                0.53473,                0.43417,                 0.4447,                0.19762,                 1.9153,                 1.1668,                 1.1292,               0.001288,               0.001288,               0.001288
                    267,                 1.9503,                 1.0865,                 1.1084,                0.53637,                0.43404,                0.44483,                0.19775,                  1.915,                 1.1665,                 1.1291,               0.001255,               0.001255,               0.001255
                    268,                 1.9488,                 1.0897,                 1.1094,                 0.5381,                0.43294,                0.44524,                0.19784,                 1.9147,                 1.1663,                  1.129,               0.001222,               0.001222,               0.001222
                    269,                 1.9359,                 1.0766,                 1.1034,                0.53835,                0.43279,                0.44563,                0.19785,                 1.9145,                  1.166,                 1.1289,               0.001189,               0.001189,               0.001189
                    270,                 1.9472,                 1.0843,                 1.1086,                 0.5395,                0.43255,                0.44605,                0.19802,                 1.9142,                 1.1655,                 1.1287,               0.001156,               0.001156,               0.001156
                    271,                 1.9406,                 1.0781,                 1.1012,                0.53868,                0.43236,                0.44595,                0.19805,                 1.9139,                 1.1652,                 1.1286,               0.001123,               0.001123,               0.001123
                    272,                 1.9491,                 1.0854,                 1.1127,                0.53979,                0.43246,                0.44694,                 0.1982,                 1.9135,                 1.1649,                 1.1284,                0.00109,                0.00109,                0.00109
                    273,                 1.9374,                 1.0805,                 1.1079,                0.54033,                0.43408,                0.44761,                0.19848,                 1.9132,                 1.1645,                 1.1283,               0.001057,               0.001057,               0.001057
                    274,                  1.929,                 1.0762,                 1.1049,                0.54242,                0.43384,                0.44814,                0.19885,                  1.913,                 1.1642,                 1.1282,               0.001024,               0.001024,               0.001024
                    275,                 1.9328,                  1.073,                 1.1054,                0.54525,                 0.4335,                0.44879,                0.19921,                 1.9127,                  1.164,                  1.128,               0.000991,               0.000991,               0.000991
                    276,                  1.939,                 1.0768,                 1.1043,                0.54601,                0.43337,                0.44866,                0.19933,                 1.9125,                 1.1636,                 1.1279,               0.000958,               0.000958,               0.000958
                    277,                 1.9377,                 1.0793,                 1.1066,                0.54577,                0.43518,                0.44993,                0.19953,                 1.9122,                 1.1632,                 1.1278,               0.000925,               0.000925,               0.000925
                    278,                 1.9424,                 1.0732,                 1.1067,                0.54806,                0.43481,                0.45029,                0.19994,                 1.9119,                 1.1629,                 1.1276,               0.000892,               0.000892,               0.000892
